study;yi;vi
Kaya (2010);0.565685;0.0104
Can (2005);0.848528;0.014533
Yasin & Kaya (2004);0.262613;0.020172
Acar (2020);0.210819;0.025139
Keskin (1999);0.242536;0.012592
Demir (2006);0.525226;0.02069
Melik (2008);0.25;0.100781
Yar (2016);0.666667;0.030159
Aslan (2021);0.848528;0.02725
Kara (2021);0.662589;0.017581
Kartal (2021);0.784465;0.015385
